<?xml version="1.0" encoding="UTF-8"?>
<project-private xmlns="http://www.netbeans.org/ns/project-private/1">
    <editor-bookmarks xmlns="http://www.netbeans.org/ns/editor-bookmarks/2" lastBookmarkId="0"/>
    <open-files xmlns="http://www.netbeans.org/ns/projectui-open-files/2">
        <group>
            <file>file:/C:/Users/sebas/OneDrive/Documents/NetBeansProjects/PROG6112A1QUESTION2/test/prog6112a1question2/BookTest.java</file>
            <file>file:/C:/Users/sebas/OneDrive/Documents/NetBeansProjects/PROG6112A1QUESTION2/test/prog6112a1question2/LibraryManagementAppTest.java</file>
            <file>file:/C:/Users/sebas/OneDrive/Documents/NetBeansProjects/PROG6112A1QUESTION2/src/prog6112a1question2/LibraryManagementApp.java</file>
        </group>
    </open-files>
</project-private>
